[ 
    
    
    {
        "id": 1,
        "name": "Project Name",
        "desc": "Small Description",
        "image": "/assests/images/lapy.jpg",
        "links": {
            "view": "#",
            "code": "#"
        }
    },
    {
        "id": 1,
        "name": "Project Name",
        "desc": "Small Description",
        "image": "/assests/images/ero.gif",
        "links": {
            "view": "#",
            "code": "#"
        }
    },
    {
        "id": 1,
        "name": "Project Name",
        "desc": "Small Description",
        "image": "/assests/images/hero.gif",
        "links": {
            "view": "#",
            "code": "#"
        }
    },
    {
        "id": 1,
        "name": "Project Name",
        "desc": "Small Description",
        "image": "/assests/images/loader.gif",
        "links": {
            "view": "#",
            "code": "#"
        }
    }
]
