[
    {
        "name": "ReactJS",
        "icon": "https://img.icons8.com/external-tal-revivo-color-tal-revivo/48/000000/external-react-a-javascript-library-for-building-user-interfaces-logo-color-tal-revivo.png"
    },
    {
        "name": "GCP",
        "icon": "https://img.icons8.com/color/48/000000/google-cloud-platform.png"
    },
    {
        "name": "HTML5",
        "icon": "https://img.icons8.com/color/48/000000/html-5--v1.png"
    },
    {
        "name": "CSS3",
        "icon": "https://img.icons8.com/color/48/000000/css3.png"
    },
    {
        "name": "JavaScript",
        "icon": "https://img.icons8.com/color/48/000000/javascript--v1.png"
    },
    {
        "name": "MaterialUI",
        "icon": "https://img.icons8.com/color/48/000000/material-ui.png"
    },
    {
        "name": "MongoDB",
        "icon": "https://img.icons8.com/color/48/000000/mongodb.png"
    },
    {
        "name": "jQuery",
        "icon": "https://img.icons8.com/ios-filled/48/1169ae/jquery.png"
    },
    {
        "name": "Java",
        "icon": "https://img.icons8.com/color/48/000000/java-coffee-cup-logo--v1.png"
    },
    {
        "name": "C++",
        "icon": "https://img.icons8.com/color/48/000000/c-plus-plus-logo.png"
    },
    {
        "name": "C",
        "icon": "https://img.icons8.com/color/48/000000/c.png"
    },
    {
        "name": "Heroku",
        "icon": "https://img.icons8.com/color/48/000000/heroku.png"
    },
    {
        "name": "Netlify",
        "icon": "https://img.icons8.com/external-tal-revivo-shadow-tal-revivo/48/000000/external-netlify-a-cloud-computing-company-that-offers-hosting-and-serverless-backend-services-for-static-websites-logo-shadow-tal-revivo.png"
    },
    {
        "name": "Git VCS",
        "icon": "https://img.icons8.com/color/48/000000/git.png"
    },
    {
        "name": "Figma",
        "icon": "https://img.icons8.com/?size=51&id=nMeAkcoE7aTF&format=png"
    },
    {
        "name": "GitHub",
        "icon": "https://img.icons8.com/glyph-neue/48/ffffff/github.png"
    },
    {
        "name": "Team Work",
        "icon": "https://img.icons8.com/color/48/000000/teamwork.png"
    }   
]
